name,hash,c
INV_Mashiro,71b90f666a257a917ca560d878880bab,28
HiVE_Jawbone,da9ee7e6ddc6a8a3b5e51f0ec4585d94,25
LibelousHand,961b54906b3e4f81b65b39b57c5716f6,24
TT_SorollaLite,4fe44cea7f18444ce00ff9fb06f6e321,19
TT_kyokyo,e30a2afddaebcfca35fa7d1b8440d478,17
TT_Lucifer,0494f4378fee62e5b911311cb22ec892,16
TT_Druid,835cc650f24de65151284ec84ff10741,15
HiVE_JoelCheri,20b617aef4a9e82e201c20a21225eea3,14
INV_Wine,49d19fdea57ace3a5441137c38116e1f,14
HiVE_HexecutoR,4a616747accffe489ef4da69a3e835d5,14
TT_Toast,9235ea33695dc1c6870587fb3cfe87e1,14
HiVE_LoriSengoku,996cad250d646af945af67e3ca7b4e01,14
eacowind,f647b9fcb9e2769a1fe5e81f3e6036b2,14
HiVE_CrazyLordz,00d3f5506963d919a5040f7bd63e3a5b,13
Dorie,a37b3b6c9c52e88a3c56e0c2c6c95d02,12
PRO_DMT,9abef0e96747c9be2b689f9a89503115,11
qurasupertrash,374a961e70996bc5f989c1a673e1be77,10
MonkeyKungfu80,67d756a0c9471296ba2a89b244f4d984,10
TT_killerrap,0e13166909204eff9b849b9144e03a04,9
GeneralZod,4bdbbad9bf1fdce34343ec828e2640b0,8
HiVE_bowlnpnguin,5f2f58e14f0fc9cfc1c5155657b5409f,5
SP_NotSoUrgntMt,80b67221f3ad2fccde0f73aead0514c3,3
Pancakey,87dfc3311e2d67a00b0c43101178ed80,3
M0nstaKi11a,ce01ac32353410758d673bff478d529a,2
