name,hash,d
TT_Druid,daa40e83742920dbbc09d101698680d0,118
HiVE_HexecutoR,0f898646e93ce5a89ba6516ae8852fcb,93
HiVE_bowlnpnguin,5f2f58e14f0fc9cfc1c5155657b5409f,59
eacowind,f03dbc4a709871a963733c143661901e,54
HiVE_IsoRod,96b26f4a59c75edcfd0933c7db157290,38
INV_Mashiro,ad438c1034386bbc0d353c74b782d66c,37
TT_kyokyo,e30a2afddaebcfca35fa7d1b8440d478,36
INV_Flutter,2da9737e58f6cbc82f4e5d79b34f178d,34
OnionMan,0f8861e2e4f25ec6063dfdeb040cb8b3,19
HiVE_JoelCheri,1f7c3b501309a0e6f1f4d389ef3ccf18,12
Dorie,a37b3b6c9c52e88a3c56e0c2c6c95d02,12
DXblinddress,5ce838447d4ba1f206e82c0f54f92042,11
TT_SorollaLite,4fe44cea7f18444ce00ff9fb06f6e321,10
Kinas,c11eaee87598218baae2a033e0ec69a7,10
GG_CyphyLite,6f5bd4b70485727573d392ab76641715,9
TT_Toast,02c330a9408576daf8f58cd414c32c09,5
GeneralZod,4bdbbad9bf1fdce34343ec828e2640b0,5
TW99.Black.Wolf,6732c9f14f032bb0dd44b54780262215,5
TT_killerrap,276f4b55c246be1be27b22160b8608d9,4
PRO_DMT,9abef0e96747c9be2b689f9a89503115,4
INV_Wine,eb016c82e137ef60afc6ecbb0e6064a3,4
M0nstaKi11a,ce01ac32353410758d673bff478d529a,3
HiVE_CrazyLordz,00d3f5506963d919a5040f7bd63e3a5b,2
TT_Lucifer,0494f4378fee62e5b911311cb22ec892,2
LynWai,1f978ba19f21ae75092f8c3d65665122,2
SP_NotSoUrgntMt,80b67221f3ad2fccde0f73aead0514c3,2
HiVE_LoriSengoku,b24d01af904b8f8e0659d3c6f4a7a585,2
HungryTubby,f1c894d5bcf368d69e1b60745422f403,2
qurasupertrash,374a961e70996bc5f989c1a673e1be77,0
MonkeyKungfu80,67d756a0c9471296ba2a89b244f4d984,0
PrimalGuaca,6bce71a6506387aff394cae0f8dea752,0
Pancakey,87dfc3311e2d67a00b0c43101178ed80,0
LibelousHand,961b54906b3e4f81b65b39b57c5716f6,0
HiVE_Jawbone,da9ee7e6ddc6a8a3b5e51f0ec4585d94,0
